requestID,type,employeeID,locationID,status,information
meal001,MEAL,PTDR01,bHALL00901,Pending,Chicken Tenders
meal002,MEAL,EMNU01,bHALL01001,In Progress,Grilled Cheese
meal003,MEAL,ICAM01,bHALL01101,Completed,Pizza
med001,MED,PTDR01,bHALL00901,Pending,Ibuprofen
med002,MED,EMNU01,bHALL01001,In Progress,Acetaminophen
med003,MED,ICAM01,bHALL01101,Completed,Naproxen
lang001,LANG,PTDR01,bHALL00901,Pending,Spanish
lang002,LANG,EMNU01,bHALL01001,In Progress,French
lang003,LANG,ICAM01,bHALL01101,Completed,Italian
tran001,TRAN,PTDR01,bHALL00901,Pending,bHALL01001
tran002,TRAN,EMNU01,bHALL01001,In Progress,bHALL01101
tran003,TRAN,ICAM01,bHALL01101,Completed,bHALL00901